{
  "x": -2.305858422987123,
  "y": 1.8747666722338714,
  "z": 0.06473441026604027
}