{
  "x": 0.743678033690575,
  "y": 4.484428070214744,
  "z": -0.22524225142413754
}