{
  "x": -0.2320811109008578,
  "y": 2.141041483506203,
  "z": -0.047025732136155476
}