{
  "x": -2.6737290726593814,
  "y": 1.8521314006548009,
  "z": 0.11061135429883832
}