{
  "x": -1.097564304949729,
  "y": 2.0824921094635505,
  "z": 0.074892849378628
}