{
  "x": 0.3492362368683153,
  "y": 3.948844749226785,
  "z": -0.12949753408238418
}