{
  "x": -0.5832089424658959,
  "y": 6.0198998172118845,
  "z": 0.07801591141402126
}