{
  "x": -0.04433607765398967,
  "y": 6.861343297910982,
  "z": 0.31958156892961337
}