{
  "x": -0.20401659774944506,
  "y": 2.3573526177094544,
  "z": -0.016068471228950547
}