{
  "x": 0.8319366928854934,
  "y": 5.327078739412445,
  "z": -0.1667738526023312
}