{
  "x": -0.3576912488997917,
  "y": 2.2682079758983607,
  "z": -0.03843958378252929
}