{
  "x": 0.6174169758211033,
  "y": 6.082942872399324,
  "z": -0.04081980150903643
}