{
  "x": 0.6481345623904416,
  "y": 5.375255536682536,
  "z": -0.08602947776641717
}