{
  "x": 0.19377708435058594,
  "y": 7.9775071144104,
  "z": 0.21354900300502777
}