{
  "x": 0.6849591788110485,
  "y": 4.353907231333445,
  "z": -0.25278612476166235
}