{
  "x": 1.4536392658016535,
  "y": 6.393418663988413,
  "z": -0.12007931237403785
}