{
  "x": -3.1349455047967116,
  "y": 1.4173101810727373,
  "z": 0.0175839283150726
}