{
  "x": -0.561870114404079,
  "y": 6.425582047888942,
  "z": 0.23330775516937183
}