{
  "x": 0.7319038545654692,
  "y": 5.409872566378345,
  "z": -0.23026843544997155
}