{
  "x": -2.697913461868036,
  "y": 1.7473535188372027,
  "z": 0.04480745617998602
}