{
  "x": -1.9403763782957637,
  "y": 1.6674790063399754,
  "z": -0.05289866392291095
}