{
  "x": 1.4942668676376343,
  "y": 6.5733184814453125,
  "z": -0.18401411175727844
}