{
  "x": 0.9727260906281103,
  "y": 6.586633870472228,
  "z": 0.8936014833702162
}