{
  "x": -0.5818706340627277,
  "y": 7.050670472231536,
  "z": -0.0017607765342990342
}