{
  "x": 0.6512091178582597,
  "y": 6.084424828204182,
  "z": -0.21124766060118802
}