{
  "x": -0.6479792431871444,
  "y": 7.718661291524425,
  "z": 0.21640302147499496
}