{
  "x": 0.6948647154837229,
  "y": 4.119502289160523,
  "z": -0.20679667444574382
}