{
  "x": 0.4857901676051226,
  "y": 4.1548801574046585,
  "z": 0.06697469554766185
}