{
  "x": -1.6839493213286807,
  "y": 1.491478043655718,
  "z": -0.0698229771651707
}