{
  "x": 0.3289930861044611,
  "y": 3.2948518800414432,
  "z": -0.11627394515505843
}