{
  "x": 0.8293877817616798,
  "y": 3.101314796682585,
  "z": -0.0964648861176495
}