{
  "x": 0.5240068345078498,
  "y": 4.357223774192357,
  "z": -0.3822529358090663
}