{
  "x": 1.5922138284290546,
  "y": 3.835720904747128,
  "z": -0.11280118492106256
}