{
  "x": -0.08629353319483277,
  "y": 2.441939543766749,
  "z": -0.023069916243623333
}