{
  "x": 0.7284981092825539,
  "y": 5.501419678356727,
  "z": -0.27048172673283427
}