{
  "x": -0.6057425854287469,
  "y": 1.9723436594768855,
  "z": 0.07405849800837708
}