{
  "x": 0.7473116650169466,
  "y": 6.211161638529116,
  "z": 0.035777857858223586
}