{
  "x": -0.775238868827431,
  "y": 1.779293681675476,
  "z": 0.14562406626527413
}